feature,f_score,p_value
log_sd,5799.495504152667,0.0
log_rms,5790.912598964927,0.0
sd,5548.274482417498,0.0
rms,5540.693327752511,0.0
log_variance,4805.507912561318,0.0
log_rms_energy,4802.593444301924,0.0
log_peak_to_peak,4282.3802205801185,0.0
variance,4214.6394124959625,0.0
rms_energy,4212.823363558767,0.0
log_absolute_peak,4080.7363536470216,0.0
peak_to_peak,3174.1292467340068,0.0
min,3114.841492568676,0.0
absolute_peak,3003.3809441653234,0.0
max,2914.307419578494,0.0
mean,1523.501534037036,0.0
form,1484.688147390239,0.0
peak_mean_ratio,1289.8557127031504,0.0
rms_sd_ratio,938.3626852189602,0.0
kurtosis,913.430044927799,0.0
range_rms_ratio,908.5830961533751,0.0
kurtosis_rms,844.8665441296428,0.0
peak_rms_ratio,800.9328466474418,0.0
crest,671.8023590423528,0.0
skewness_rms,183.3000697278567,6.343826911242378e-248
skewness,121.4043481046329,5.87143272576816e-179
