,max,min,mean,sd,rms,skewness,kurtosis,crest,form,peak_to_peak,absolute_peak,variance,rms_sd_ratio,peak_rms_ratio,peak_mean_ratio,rms_energy,range_rms_ratio,kurtosis_rms,skewness_rms,log_rms,log_sd,log_absolute_peak,log_peak_to_peak,log_variance,log_rms_energy
max,1.0,-0.9927930601467586,-0.16510523807954883,0.9517094596574666,0.9517001148174457,-0.0656198815737536,0.6622411216723176,0.6333991265420155,0.8443656821010164,0.998168976375273,0.9970127840092313,0.8997775343958315,-0.5451093704970496,0.620682879597067,0.9250240897173224,0.8998035660369929,0.663332492779564,0.8074019478581543,-0.10454599858389081,0.955064501629216,0.9550443973448501,0.9762840402225178,0.9669777598184831,0.9300538659619199,0.9300868575856686
min,-0.9927930601467586,1.0,0.1717392723223729,-0.9470288163130957,-0.947006927477629,0.13717293457930801,-0.6729254227603033,-0.6166684418476958,-0.8406578732745587,-0.9982240912226413,-0.9976268344074652,-0.8963773459403722,0.5410462926528435,-0.6246988554199278,-0.9256947859071881,-0.8963972716675533,-0.6683768602410094,-0.8164152598103955,0.17684186818718825,-0.9499074112580311,-0.9499025721668377,-0.9735584294571517,-0.9637405834276043,-0.926353688935693,-0.9263779820969353
mean,-0.16510523807954883,0.1717392723223729,1.0,-0.2113674314950683,-0.20956845399914298,-0.002229230774428289,-0.0111407722280565,0.14359924953545702,-0.39579181851612427,-0.16875187905379357,-0.16431498968189115,-0.2379291955420954,0.41578494690152484,0.1345963409733833,-0.3476482753126625,-0.23722009258626192,0.10933823044990879,-0.0940113350332165,-0.03909623804859977,-0.19218892263151408,-0.19439897869532963,-0.1076850650220366,-0.09292454859314055,-0.24376596859205765,-0.2427760382031423
sd,0.9517094596574666,-0.9470288163130957,-0.2113674314950683,1.0,0.9999977778407694,0.04761408469366094,0.4329148310035846,0.4191148878824345,0.9206290573984797,0.9510662885580189,0.946466800218719,0.9683843490072385,-0.5606739253324744,0.40719044589319114,0.9189003121264027,0.9683958696643427,0.45374064814890885,0.6095426046586105,0.04379908356925006,0.9960607015375141,0.9960308915161303,0.9400150887422712,0.9354750799856848,0.988312225696161,0.9883330631206465
rms,0.9517001148174457,-0.947006927477629,-0.20956845399914298,0.9999977778407694,1.0,0.04771489010644426,0.4327176639977272,0.41917636591834745,0.9203967834587502,0.9510505955433417,0.9464505186820342,0.9684678260940035,-0.5594170342033975,0.407236352401679,0.9186913579724966,0.9684807753923457,0.45374848876968843,0.6094247118685335,0.043983991607250146,0.9960374761715881,0.9960020758823088,0.939994396669973,0.9354518012942826,0.9883477795026536,0.9883706577114378
skewness,-0.0656198815737536,0.13717293457930801,-0.002229230774428289,0.04761408469366094,0.04771489010644426,1.0,-0.42205985570555976,-0.18734901716188862,0.09186055094293968,-0.1018531819194387,-0.1114232712463425,0.09804153862435597,-0.08736500645316365,-0.31689789611789504,-0.037646423942597415,0.09807798594184698,-0.3261465744092701,-0.36576859702713144,0.8719844375999578,0.03149748399129037,0.03139867797366612,-0.08626815621643558,-0.07567948263057155,0.0699965289756166,0.07006517784941266
kurtosis,0.6622411216723176,-0.6729254227603033,-0.0111407722280565,0.4329148310035846,0.4327176639977272,-0.42205985570555976,1.0,0.892332983807593,0.30777486349255234,0.6688301243009037,0.6792418932918503,0.3243753624557929,-0.3732352690073901,0.9151455567708391,0.5341772711803912,0.32439618004392584,0.9301221103248883,0.9304893560924609,-0.5493295529114905,0.4639882205760977,0.464223089728089,0.6724392039688775,0.6639748767420782,0.37378510558061556,0.3737895632437361
crest,0.6333991265420155,-0.6166684418476958,0.14359924953545702,0.4191148878824345,0.41917636591834745,-0.18734901716188862,0.892332983807593,1.0,0.28594862299738716,0.6260989424337312,0.6361894491432303,0.3066228686547478,-0.3719521987210846,0.973097621674715,0.4902773119894562,0.3067673613350275,0.9734223337328677,0.7747806035579369,-0.33985181990325286,0.4538286003629945,0.45375982822189215,0.6738437436906636,0.6741630484517213,0.3514669760162198,0.351649258286299
form,0.8443656821010164,-0.8406578732745587,-0.39579181851612427,0.9206290573984797,0.9203967834587502,0.09186055094293968,0.30777486349255234,0.28594862299738716,1.0,0.8440196088635121,0.8385532541126424,0.9031275677277195,-0.5397321073547655,0.2761373624957306,0.959423800385091,0.9030155971335508,0.3195385980902338,0.48601756411079167,0.1017079667933406,0.9119487188569717,0.9121944484938529,0.8276152662809348,0.8219966974238515,0.9190905584263919,0.9189548906920857
peak_to_peak,0.998168976375273,-0.9982240912226413,-0.16875187905379357,0.9510662885580189,0.9510505955433417,-0.1018531819194387,0.6688301243009037,0.6260989424337312,0.8440196088635121,1.0,0.9991238288157166,0.899686827718627,-0.5440433728475408,0.6238311229559557,0.9270336766398336,0.8997098245667061,0.6670768402553977,0.8134097921519163,-0.14122453906953492,0.9541869157839287,0.9541744799359206,0.9766720211443101,0.967090727840706,0.9298664415559892,0.929895102430742
absolute_peak,0.9970127840092313,-0.9976268344074652,-0.16431498968189115,0.946466800218719,0.9464505186820342,-0.1114232712463425,0.6792418932918503,0.6361894491432303,0.8385532541126424,0.9991238288157166,1.0,0.8908350763504225,-0.545163600205731,0.6381197618355947,0.9257501710823212,0.8908599592747768,0.6766599207016568,0.820322800721612,-0.15800840747628697,0.9511189164350147,0.9511066545304084,0.9791060736207511,0.9686166114392751,0.9228804090733154,0.9229110573448022
variance,0.8997775343958315,-0.8963773459403722,-0.2379291955420954,0.9683843490072385,0.9684678260940035,0.09804153862435597,0.3243753624557929,0.3066228686547478,0.9031275677277195,0.899686827718627,0.8908350763504225,1.0,-0.45247039540965656,0.2921926007715203,0.8822863912546844,0.999999723078283,0.33994547555862487,0.5354168723862781,0.14045460407932245,0.9426349868416523,0.9425024165966174,0.8489659189198259,0.8385901723322873,0.9938030607295751,0.9938147348791737
rms_sd_ratio,-0.5451093704970496,0.5410462926528435,0.41578494690152484,-0.5606739253324744,-0.5594170342033975,-0.08736500645316365,-0.3732352690073901,-0.3719521987210846,-0.5397321073547655,-0.5440433728475408,-0.545163600205731,-0.45247039540965656,1.0,-0.3615114001304319,-0.5419552903584179,-0.4522317284382961,-0.3920601155580929,-0.3794007383028312,0.05770317383124818,-0.5918298023142455,-0.5934605450782433,-0.6118302059224726,-0.6297260933045924,-0.49056040820201224,-0.49021215380111155
peak_rms_ratio,0.620682879597067,-0.6246988554199278,0.1345963409733833,0.40719044589319114,0.407236352401679,-0.31689789611789504,0.9151455567708391,0.973097621674715,0.2761373624957306,0.6238311229559557,0.6381197618355947,0.2921926007715203,-0.3615114001304319,1.0,0.4910475988586734,0.2923296354239426,0.9883935552975288,0.7934631805256906,-0.4546140438961279,0.44259469463074713,0.44254331771451016,0.6723298651385444,0.6687913627041289,0.3392134332362089,0.3393842443075268
peak_mean_ratio,0.9250240897173224,-0.9256947859071881,-0.3476482753126625,0.9189003121264027,0.9186913579724966,-0.037646423942597415,0.5341772711803912,0.4902773119894562,0.959423800385091,0.9270336766398336,0.9257501710823212,0.8822863912546844,-0.5419552903584179,0.4910475988586734,1.0,0.8821977283978926,0.5299744821131688,0.6895328845788243,-0.0634649936027895,0.9165204881213578,0.9167362076719482,0.9013168009913386,0.8904613752096081,0.9080718160559494,0.907961633279232
rms_energy,0.8998035660369929,-0.8963972716675533,-0.23722009258626192,0.9683958696643427,0.9684807753923457,0.09807798594184698,0.32439618004392584,0.3067673613350275,0.9030155971335508,0.8997098245667061,0.8908599592747768,0.999999723078283,-0.4522317284382961,0.2923296354239426,0.8821977283978926,1.0,0.34006943029601544,0.5354175267103854,0.1404712564503861,0.9426555178418504,0.9425211883871699,0.8490270283621538,0.838660541482275,0.993796374739722,0.9938088285517223
range_rms_ratio,0.663332492779564,-0.6683768602410094,0.10933823044990879,0.45374064814890885,0.45374848876968843,-0.3261465744092701,0.9301221103248883,0.9734223337328677,0.3195385980902338,0.6670768402553977,0.6766599207016568,0.33994547555862487,-0.3920601155580929,0.9883935552975288,0.5299744821131688,0.34006943029601544,1.0,0.8188487087216615,-0.4424184638747808,0.4880059227939489,0.4880013412738129,0.7079347124966806,0.7084616294293958,0.3866340464388729,0.38678658764665075
kurtosis_rms,0.8074019478581543,-0.8164152598103955,-0.0940113350332165,0.6095426046586105,0.6094247118685335,-0.36576859702713144,0.9304893560924609,0.7747806035579369,0.48601756411079167,0.8134097921519163,0.820322800721612,0.5354168723862781,-0.3794007383028312,0.7934631805256906,0.6895328845788243,0.5354175267103854,0.8188487087216615,1.0,-0.4700461359339322,0.6244628862846582,0.6245821928480636,0.7664354042755978,0.7484431137235327,0.5773230895201725,0.577305193111027
skewness_rms,-0.10454599858389081,0.17684186818718825,-0.03909623804859977,0.04379908356925006,0.043983991607250146,0.8719844375999578,-0.5493295529114905,-0.33985181990325286,0.1017079667933406,-0.14122453906953492,-0.15800840747628697,0.14045460407932245,0.05770317383124818,-0.4546140438961279,-0.0634649936027895,0.1404712564503861,-0.4424184638747808,-0.4700461359339322,1.0,0.0108775078681045,0.010663624305631078,-0.15257815203193223,-0.143099778448318,0.09511897045474732,0.09516504927594095
log_rms,0.955064501629216,-0.9499074112580311,-0.19218892263151408,0.9960607015375141,0.9960374761715881,0.03149748399129037,0.4639882205760977,0.4538286003629945,0.9119487188569717,0.9541869157839287,0.9511189164350147,0.9426349868416523,-0.5918298023142455,0.44259469463074713,0.9165204881213578,0.9426555178418504,0.4880059227939489,0.6244628862846582,0.0108775078681045,1.0,0.9999964712779758,0.9583607587755273,0.9563229743961604,0.9710319410466267,0.9710628514637935
log_sd,0.9550443973448501,-0.9499025721668377,-0.19439897869532963,0.9960308915161303,0.9960020758823088,0.03139867797366612,0.464223089728089,0.45375982822189215,0.9121944484938529,0.9541744799359206,0.9511066545304084,0.9425024165966174,-0.5934605450782433,0.44254331771451016,0.9167362076719482,0.9425211883871699,0.4880013412738129,0.6245821928480636,0.010663624305631078,0.9999964712779758,1.0,0.9583609615772751,0.9563300469130547,0.970953252558361,0.9709816475825566
log_absolute_peak,0.9762840402225178,-0.9735584294571517,-0.1076850650220366,0.9400150887422712,0.939994396669973,-0.08626815621643558,0.6724392039688775,0.6738437436906636,0.8276152662809348,0.9766720211443101,0.9791060736207511,0.8489659189198259,-0.6118302059224726,0.6723298651385444,0.9013168009913386,0.8490270283621538,0.7079347124966806,0.7664354042755978,-0.15257815203193223,0.9583607587755273,0.9583609615772751,1.0,0.9983053616538927,0.8915364266928035,0.8916157305242334
log_peak_to_peak,0.9669777598184831,-0.9637405834276043,-0.09292454859314055,0.9354750799856848,0.9354518012942826,-0.07567948263057155,0.6639748767420782,0.6741630484517213,0.8219966974238515,0.967090727840706,0.9686166114392751,0.8385901723322873,-0.6297260933045924,0.6687913627041289,0.8904613752096081,0.838660541482275,0.7084616294293958,0.7484431137235327,-0.143099778448318,0.9563229743961604,0.9563300469130547,0.9983053616538927,1.0,0.8821805176409084,0.8822726030281545
log_variance,0.9300538659619199,-0.926353688935693,-0.24376596859205765,0.988312225696161,0.9883477795026536,0.0699965289756166,0.37378510558061556,0.3514669760162198,0.9190905584263919,0.9298664415559892,0.9228804090733154,0.9938030607295751,-0.49056040820201224,0.3392134332362089,0.9080718160559494,0.993796374739722,0.3866340464388729,0.5773230895201725,0.09511897045474732,0.9710319410466267,0.970953252558361,0.8915364266928035,0.8821805176409084,1.0,0.999999448924434
log_rms_energy,0.9300868575856686,-0.9263779820969353,-0.2427760382031423,0.9883330631206465,0.9883706577114378,0.07006517784941266,0.3737895632437361,0.351649258286299,0.9189548906920857,0.929895102430742,0.9229110573448022,0.9938147348791737,-0.49021215380111155,0.3393842443075268,0.907961633279232,0.9938088285517223,0.38678658764665075,0.577305193111027,0.09516504927594095,0.9710628514637935,0.9709816475825566,0.8916157305242334,0.8822726030281545,0.999999448924434,1.0
