sample_id,predicted_fault,confidence,inference_time_ms,timestamp
0,Ball_007_1,,3.2074069999907806,2026-09-29T15:06:07.898591
1,Ball_007_1,,3.0082349999247526,2026-09-29T15:06:07.902289
2,Ball_007_1,,12.627470000097674,2026-09-29T15:06:07.921610
3,Ball_007_1,,6.479343999899356,2026-09-29T15:06:07.928986
4,Ball_007_1,,3.1640459999380255,2026-09-29T15:06:07.932861
5,Ball_007_1,,3.24774199998501,2026-09-29T15:06:07.936902
6,Ball_007_1,,3.0155780000313825,2026-09-29T15:06:07.940701
7,Ball_007_1,,3.1863080000675836,2026-09-29T15:06:07.944788
8,Ball_007_1,,3.3386820000487205,2026-09-29T15:06:07.948906
9,Ball_007_1,,7.835484999986875,2026-09-29T15:06:07.957479
10,Ball_007_1,,6.3232630000129575,2026-09-29T15:06:07.964580
11,Ball_007_1,,3.7271290000262525,2026-09-29T15:06:07.971053
12,Ball_007_1,,8.001514999932624,2026-09-29T15:06:07.981952
13,Ball_007_1,,3.4145530000841973,2026-09-29T15:06:07.986831
14,Ball_007_1,,2.888931999905253,2026-09-29T15:06:07.990401
15,Ball_007_1,,3.3777149999423273,2026-09-29T15:06:07.994386
16,Ball_007_1,,2.847865000148886,2026-09-29T15:06:07.997926
17,Ball_007_1,,3.046857000072123,2026-09-29T15:06:08.003964
18,Ball_007_1,,2.968920999819602,2026-09-29T15:06:08.007601
19,Ball_007_1,,2.660165000179404,2026-09-29T15:06:08.010970
