actual,Logistic Regression,Random Forest,SVM,Gradient Boosting
IR_014_1,IR_014_1,IR_014_1,IR_014_1,IR_014_1
Normal_1,Normal_1,Normal_1,Normal_1,Normal_1
Ball_007_1,Ball_007_1,Ball_007_1,Ball_007_1,Ball_007_1
Normal_1,Normal_1,Normal_1,Normal_1,Normal_1
Ball_021_1,Ball_021_1,Ball_021_1,Ball_021_1,Ball_021_1
Normal_1,Normal_1,Normal_1,Normal_1,Normal_1
Ball_014_1,Ball_014_1,Ball_014_1,Ball_014_1,Ball_014_1
Ball_014_1,Ball_014_1,Ball_014_1,Ball_014_1,Ball_014_1
OR_021_6_1,OR_021_6_1,OR_021_6_1,OR_021_6_1,OR_021_6_1
IR_021_1,IR_021_1,IR_021_1,IR_021_1,IR_021_1
Ball_021_1,Ball_021_1,Ball_021_1,Ball_021_1,Ball_021_1
IR_007_1,IR_007_1,IR_007_1,IR_007_1,IR_007_1
Ball_021_1,IR_021_1,Ball_021_1,IR_021_1,Ball_021_1
IR_007_1,IR_007_1,IR_007_1,IR_007_1,IR_007_1
OR_021_6_1,OR_021_6_1,OR_021_6_1,OR_021_6_1,OR_021_6_1
Ball_014_1,Ball_007_1,Ball_014_1,Ball_014_1,Ball_014_1
OR_007_6_1,OR_007_6_1,OR_007_6_1,OR_007_6_1,OR_007_6_1
OR_007_6_1,OR_007_6_1,OR_007_6_1,OR_007_6_1,OR_007_6_1
Ball_021_1,Ball_021_1,Ball_021_1,Ball_021_1,Ball_021_1
Ball_007_1,Ball_007_1,Ball_007_1,Ball_007_1,Ball_007_1
IR_021_1,IR_021_1,IR_021_1,IR_021_1,IR_021_1
OR_014_6_1,OR_014_6_1,OR_014_6_1,OR_014_6_1,OR_014_6_1
OR_007_6_1,OR_007_6_1,OR_007_6_1,OR_007_6_1,OR_007_6_1
Normal_1,Normal_1,Normal_1,Normal_1,Normal_1
Ball_021_1,Ball_021_1,Ball_021_1,Ball_021_1,Ball_021_1
IR_007_1,IR_007_1,IR_007_1,IR_007_1,IR_007_1
IR_007_1,IR_007_1,IR_007_1,IR_007_1,IR_007_1
OR_007_6_1,OR_007_6_1,OR_007_6_1,OR_007_6_1,OR_007_6_1
Ball_021_1,Ball_021_1,Ball_021_1,Ball_021_1,Ball_021_1
OR_021_6_1,OR_021_6_1,OR_021_6_1,OR_021_6_1,OR_021_6_1
OR_007_6_1,OR_007_6_1,OR_007_6_1,OR_007_6_1,OR_007_6_1
Ball_007_1,Ball_007_1,Ball_007_1,Ball_007_1,Ball_007_1
OR_014_6_1,OR_014_6_1,OR_014_6_1,OR_014_6_1,OR_014_6_1
IR_021_1,IR_021_1,IR_021_1,IR_021_1,IR_021_1
OR_021_6_1,OR_021_6_1,OR_021_6_1,OR_021_6_1,OR_021_6_1
OR_021_6_1,OR_021_6_1,OR_021_6_1,OR_021_6_1,OR_021_6_1
Normal_1,Normal_1,Normal_1,Normal_1,Normal_1
OR_014_6_1,OR_014_6_1,OR_014_6_1,OR_014_6_1,OR_014_6_1
IR_007_1,IR_007_1,IR_007_1,IR_007_1,IR_007_1
OR_014_6_1,OR_014_6_1,OR_014_6_1,OR_014_6_1,OR_014_6_1
OR_007_6_1,OR_007_6_1,OR_007_6_1,OR_007_6_1,OR_007_6_1
Ball_021_1,Ball_021_1,Ball_021_1,Ball_021_1,Ball_021_1
Normal_1,Normal_1,Normal_1,Normal_1,Normal_1
IR_007_1,IR_007_1,IR_007_1,IR_007_1,IR_007_1
Ball_021_1,Ball_021_1,Ball_021_1,Ball_021_1,Ball_021_1
IR_014_1,IR_014_1,IR_014_1,IR_014_1,IR_014_1
IR_007_1,IR_007_1,IR_007_1,IR_007_1,IR_007_1
IR_021_1,IR_021_1,IR_021_1,IR_021_1,IR_021_1
IR_021_1,IR_021_1,IR_021_1,IR_021_1,IR_021_1
IR_021_1,IR_021_1,IR_021_1,IR_021_1,IR_021_1
Normal_1,Normal_1,Normal_1,Normal_1,Normal_1
OR_021_6_1,IR_007_1,OR_021_6_1,IR_007_1,OR_021_6_1
OR_021_6_1,OR_021_6_1,OR_021_6_1,OR_021_6_1,OR_021_6_1
IR_014_1,IR_014_1,IR_014_1,IR_014_1,IR_014_1
Ball_021_1,OR_014_6_1,OR_014_6_1,OR_014_6_1,OR_014_6_1
Ball_007_1,Ball_007_1,Ball_007_1,Ball_007_1,Ball_007_1
Ball_014_1,Ball_021_1,Ball_021_1,Ball_021_1,Ball_021_1
Ball_021_1,Ball_021_1,Ball_021_1,Ball_021_1,Ball_021_1
OR_021_6_1,OR_021_6_1,OR_021_6_1,OR_021_6_1,OR_021_6_1
IR_014_1,IR_014_1,IR_014_1,IR_014_1,IR_014_1
Ball_007_1,Ball_007_1,Ball_007_1,Ball_007_1,Ball_007_1
Ball_007_1,OR_014_6_1,OR_014_6_1,OR_014_6_1,OR_014_6_1
Normal_1,Normal_1,Normal_1,Normal_1,Normal_1
IR_007_1,IR_007_1,IR_007_1,IR_007_1,IR_007_1
IR_007_1,IR_007_1,IR_007_1,IR_007_1,IR_007_1
Normal_1,Normal_1,Normal_1,Normal_1,Normal_1
Ball_014_1,Ball_014_1,Ball_014_1,Ball_014_1,Ball_014_1
IR_021_1,IR_021_1,IR_021_1,IR_021_1,IR_021_1
Ball_007_1,Ball_007_1,Ball_007_1,Ball_007_1,Ball_007_1
IR_007_1,IR_007_1,IR_007_1,IR_007_1,IR_007_1
IR_021_1,IR_021_1,IR_021_1,IR_021_1,IR_021_1
IR_021_1,IR_021_1,IR_021_1,IR_021_1,IR_021_1
Ball_007_1,Ball_007_1,Ball_007_1,Ball_007_1,Ball_007_1
Normal_1,Normal_1,Normal_1,Normal_1,Normal_1
OR_007_6_1,OR_007_6_1,OR_007_6_1,OR_007_6_1,OR_007_6_1
IR_014_1,IR_014_1,IR_014_1,IR_014_1,IR_014_1
OR_014_6_1,OR_014_6_1,OR_014_6_1,OR_014_6_1,OR_014_6_1
Normal_1,Normal_1,Normal_1,Normal_1,Normal_1
OR_007_6_1,OR_007_6_1,OR_007_6_1,OR_007_6_1,OR_007_6_1
OR_007_6_1,OR_007_6_1,OR_007_6_1,OR_007_6_1,OR_007_6_1
Ball_014_1,Ball_014_1,Ball_014_1,Ball_014_1,Ball_014_1
OR_014_6_1,OR_014_6_1,OR_014_6_1,OR_014_6_1,OR_014_6_1
IR_021_1,IR_021_1,IR_021_1,IR_021_1,IR_021_1
IR_014_1,IR_014_1,IR_014_1,IR_014_1,IR_014_1
OR_021_6_1,OR_021_6_1,OR_021_6_1,OR_021_6_1,OR_021_6_1
OR_021_6_1,OR_021_6_1,OR_021_6_1,OR_021_6_1,OR_021_6_1
IR_014_1,IR_014_1,IR_014_1,IR_014_1,IR_014_1
Ball_014_1,Ball_014_1,Ball_014_1,Ball_014_1,Ball_014_1
Ball_007_1,Ball_007_1,Ball_007_1,Ball_007_1,Ball_007_1
Ball_021_1,OR_014_6_1,Ball_021_1,Ball_021_1,Ball_021_1
Normal_1,Normal_1,Normal_1,Normal_1,Normal_1
OR_021_6_1,OR_021_6_1,OR_021_6_1,OR_021_6_1,OR_021_6_1
Ball_007_1,Ball_007_1,Ball_007_1,Ball_007_1,Ball_007_1
IR_014_1,IR_014_1,IR_014_1,IR_014_1,IR_014_1
IR_021_1,IR_021_1,IR_021_1,IR_021_1,IR_021_1
Ball_007_1,Ball_007_1,Ball_007_1,Ball_007_1,Ball_007_1
IR_021_1,IR_021_1,IR_021_1,IR_021_1,IR_021_1
OR_007_6_1,OR_007_6_1,OR_007_6_1,OR_007_6_1,OR_007_6_1
IR_007_1,IR_007_1,IR_007_1,IR_007_1,IR_007_1
Ball_007_1,Ball_007_1,Ball_007_1,Ball_007_1,Ball_007_1
OR_021_6_1,OR_021_6_1,OR_021_6_1,OR_021_6_1,OR_021_6_1
Ball_021_1,Ball_021_1,Ball_021_1,Ball_021_1,Ball_021_1
OR_007_6_1,OR_007_6_1,OR_007_6_1,OR_007_6_1,OR_007_6_1
OR_007_6_1,OR_007_6_1,OR_007_6_1,OR_007_6_1,OR_007_6_1
IR_021_1,IR_021_1,IR_021_1,IR_021_1,IR_021_1
OR_021_6_1,OR_021_6_1,OR_021_6_1,OR_021_6_1,OR_021_6_1
Normal_1,Normal_1,Normal_1,Normal_1,Normal_1
Ball_014_1,Ball_014_1,Ball_014_1,Ball_014_1,Ball_014_1
OR_014_6_1,Ball_021_1,Ball_021_1,Ball_021_1,Ball_021_1
OR_014_6_1,OR_014_6_1,OR_014_6_1,OR_014_6_1,OR_014_6_1
Ball_007_1,Ball_007_1,Ball_007_1,Ball_007_1,Ball_007_1
OR_021_6_1,OR_021_6_1,OR_021_6_1,OR_021_6_1,OR_021_6_1
OR_021_6_1,OR_021_6_1,OR_021_6_1,OR_021_6_1,OR_021_6_1
IR_021_1,IR_021_1,IR_021_1,IR_021_1,IR_021_1
Ball_014_1,OR_014_6_1,Ball_014_1,Ball_014_1,Ball_014_1
IR_014_1,IR_014_1,IR_014_1,IR_014_1,IR_014_1
Normal_1,Normal_1,Normal_1,Normal_1,Normal_1
OR_007_6_1,OR_007_6_1,OR_007_6_1,OR_007_6_1,OR_007_6_1
Ball_021_1,Ball_021_1,Ball_021_1,Ball_021_1,Ball_021_1
IR_014_1,IR_014_1,IR_014_1,IR_014_1,IR_014_1
Normal_1,Normal_1,Normal_1,Normal_1,Normal_1
OR_014_6_1,OR_014_6_1,OR_014_6_1,OR_014_6_1,OR_014_6_1
OR_007_6_1,OR_007_6_1,OR_007_6_1,OR_007_6_1,OR_007_6_1
Ball_021_1,IR_021_1,IR_021_1,IR_021_1,IR_021_1
OR_014_6_1,OR_014_6_1,OR_014_6_1,OR_014_6_1,OR_014_6_1
Ball_007_1,Ball_007_1,Ball_007_1,Ball_007_1,Ball_007_1
IR_007_1,IR_007_1,IR_007_1,IR_007_1,IR_007_1
Ball_014_1,Ball_014_1,Ball_014_1,Ball_014_1,Ball_014_1
Ball_021_1,Ball_021_1,Ball_021_1,Ball_021_1,Ball_021_1
IR_014_1,IR_014_1,IR_014_1,IR_014_1,IR_014_1
OR_014_6_1,Ball_021_1,Ball_021_1,Ball_021_1,Ball_021_1
Ball_021_1,OR_014_6_1,OR_014_6_1,OR_014_6_1,OR_014_6_1
Ball_014_1,Ball_014_1,Ball_014_1,Ball_014_1,Ball_014_1
IR_007_1,IR_007_1,IR_007_1,IR_007_1,IR_007_1
Normal_1,Normal_1,Normal_1,Normal_1,Normal_1
OR_007_6_1,OR_007_6_1,OR_007_6_1,OR_007_6_1,OR_007_6_1
OR_021_6_1,OR_021_6_1,OR_021_6_1,OR_021_6_1,OR_021_6_1
IR_007_1,IR_007_1,IR_007_1,IR_007_1,IR_007_1
IR_014_1,IR_014_1,IR_014_1,IR_014_1,IR_014_1
OR_021_6_1,OR_021_6_1,OR_021_6_1,OR_021_6_1,OR_021_6_1
Ball_021_1,Ball_021_1,Ball_021_1,Ball_021_1,Ball_021_1
OR_007_6_1,OR_007_6_1,OR_007_6_1,OR_007_6_1,OR_007_6_1
OR_021_6_1,OR_021_6_1,OR_021_6_1,OR_021_6_1,OR_021_6_1
Ball_014_1,Ball_014_1,Ball_014_1,Ball_014_1,Ball_014_1
OR_014_6_1,OR_014_6_1,OR_014_6_1,OR_014_6_1,OR_014_6_1
Normal_1,Normal_1,Normal_1,Normal_1,Normal_1
Ball_014_1,OR_014_6_1,OR_014_6_1,OR_014_6_1,OR_014_6_1
Ball_007_1,Ball_007_1,Ball_007_1,Ball_007_1,Ball_007_1
OR_007_6_1,OR_007_6_1,OR_007_6_1,OR_007_6_1,OR_007_6_1
IR_007_1,IR_007_1,IR_007_1,IR_007_1,IR_007_1
OR_021_6_1,OR_021_6_1,OR_021_6_1,OR_021_6_1,OR_021_6_1
Ball_021_1,OR_014_6_1,OR_014_6_1,OR_014_6_1,OR_014_6_1
OR_007_6_1,OR_007_6_1,OR_007_6_1,OR_007_6_1,OR_007_6_1
Normal_1,Normal_1,Normal_1,Normal_1,Normal_1
IR_007_1,IR_007_1,IR_007_1,IR_007_1,IR_007_1
OR_014_6_1,OR_014_6_1,OR_014_6_1,Ball_014_1,OR_014_6_1
IR_021_1,IR_021_1,IR_021_1,IR_021_1,IR_021_1
OR_021_6_1,OR_021_6_1,OR_021_6_1,OR_021_6_1,OR_021_6_1
OR_014_6_1,OR_014_6_1,OR_014_6_1,OR_014_6_1,OR_014_6_1
Ball_021_1,OR_021_6_1,OR_021_6_1,OR_021_6_1,OR_021_6_1
OR_007_6_1,OR_007_6_1,OR_007_6_1,OR_007_6_1,OR_007_6_1
IR_021_1,IR_021_1,IR_021_1,IR_021_1,IR_021_1
Ball_014_1,Ball_014_1,Ball_014_1,Ball_014_1,Ball_014_1
OR_007_6_1,OR_007_6_1,OR_007_6_1,OR_007_6_1,OR_007_6_1
IR_014_1,IR_014_1,IR_014_1,IR_014_1,IR_014_1
IR_007_1,IR_007_1,IR_007_1,IR_007_1,Ball_014_1
OR_014_6_1,Ball_021_1,Ball_021_1,Ball_021_1,Ball_021_1
OR_007_6_1,OR_007_6_1,OR_007_6_1,OR_007_6_1,OR_007_6_1
Ball_021_1,Ball_021_1,Ball_021_1,Ball_021_1,Ball_021_1
Ball_021_1,Ball_021_1,Ball_021_1,Ball_021_1,Ball_021_1
Ball_007_1,Ball_007_1,Ball_007_1,Ball_007_1,Ball_007_1
IR_021_1,IR_021_1,IR_021_1,IR_021_1,IR_021_1
IR_007_1,IR_007_1,IR_007_1,IR_007_1,IR_007_1
OR_014_6_1,OR_014_6_1,OR_014_6_1,OR_014_6_1,OR_014_6_1
Ball_021_1,Ball_021_1,Ball_021_1,Ball_021_1,Ball_021_1
OR_021_6_1,OR_021_6_1,OR_021_6_1,OR_021_6_1,OR_021_6_1
IR_007_1,IR_007_1,IR_007_1,IR_007_1,IR_007_1
IR_007_1,IR_007_1,IR_007_1,IR_007_1,IR_007_1
OR_021_6_1,OR_021_6_1,OR_021_6_1,OR_021_6_1,OR_021_6_1
IR_021_1,IR_021_1,IR_021_1,IR_021_1,IR_021_1
Normal_1,Normal_1,Normal_1,Normal_1,Normal_1
IR_021_1,IR_021_1,IR_021_1,IR_021_1,IR_021_1
IR_007_1,IR_007_1,IR_007_1,IR_007_1,IR_007_1
IR_021_1,IR_021_1,IR_021_1,IR_021_1,IR_021_1
IR_007_1,IR_007_1,IR_007_1,IR_007_1,IR_007_1
IR_021_1,IR_021_1,IR_021_1,IR_021_1,IR_021_1
OR_007_6_1,OR_007_6_1,OR_007_6_1,OR_007_6_1,OR_007_6_1
IR_007_1,IR_007_1,IR_007_1,IR_007_1,IR_007_1
Ball_021_1,Ball_021_1,Ball_021_1,Ball_021_1,Ball_021_1
Ball_007_1,OR_014_6_1,OR_014_6_1,OR_014_6_1,OR_014_6_1
IR_021_1,IR_021_1,IR_021_1,IR_021_1,IR_021_1
IR_014_1,IR_014_1,IR_014_1,IR_014_1,IR_014_1
OR_021_6_1,OR_021_6_1,OR_021_6_1,OR_021_6_1,OR_021_6_1
Ball_021_1,Ball_021_1,Ball_021_1,Ball_021_1,Ball_021_1
IR_014_1,IR_014_1,IR_014_1,IR_014_1,IR_014_1
IR_007_1,IR_007_1,IR_007_1,IR_007_1,IR_007_1
Ball_021_1,Ball_021_1,Ball_021_1,Ball_021_1,Ball_021_1
OR_007_6_1,OR_007_6_1,OR_007_6_1,OR_007_6_1,OR_007_6_1
OR_021_6_1,OR_021_6_1,OR_021_6_1,OR_021_6_1,OR_021_6_1
Ball_014_1,Ball_014_1,Ball_014_1,Ball_014_1,Ball_014_1
Ball_007_1,Ball_007_1,Ball_007_1,Ball_007_1,Ball_007_1
Normal_1,Normal_1,Normal_1,Normal_1,Normal_1
OR_007_6_1,OR_007_6_1,OR_007_6_1,OR_007_6_1,OR_007_6_1
Ball_007_1,Ball_007_1,Ball_007_1,Ball_007_1,Ball_007_1
OR_021_6_1,OR_021_6_1,OR_021_6_1,OR_021_6_1,OR_021_6_1
IR_021_1,IR_021_1,IR_021_1,IR_021_1,IR_021_1
IR_021_1,IR_021_1,IR_021_1,IR_021_1,IR_021_1
OR_007_6_1,OR_007_6_1,OR_007_6_1,OR_007_6_1,OR_007_6_1
IR_021_1,IR_021_1,IR_021_1,IR_021_1,IR_021_1
OR_014_6_1,Ball_021_1,OR_014_6_1,OR_014_6_1,OR_014_6_1
OR_014_6_1,Ball_014_1,OR_014_6_1,OR_014_6_1,OR_014_6_1
OR_014_6_1,OR_014_6_1,Ball_014_1,OR_014_6_1,OR_014_6_1
OR_007_6_1,OR_007_6_1,OR_007_6_1,OR_007_6_1,OR_007_6_1
OR_014_6_1,OR_014_6_1,OR_014_6_1,OR_014_6_1,OR_014_6_1
IR_014_1,IR_014_1,IR_014_1,IR_014_1,IR_014_1
Normal_1,Normal_1,Normal_1,Normal_1,Normal_1
OR_014_6_1,OR_014_6_1,OR_014_6_1,OR_014_6_1,OR_014_6_1
IR_021_1,IR_021_1,IR_021_1,IR_021_1,IR_021_1
OR_014_6_1,OR_014_6_1,OR_014_6_1,OR_014_6_1,OR_014_6_1
IR_021_1,IR_021_1,IR_021_1,IR_021_1,IR_021_1
Normal_1,Normal_1,Normal_1,Normal_1,Normal_1
OR_007_6_1,OR_007_6_1,OR_007_6_1,OR_007_6_1,OR_007_6_1
IR_014_1,IR_014_1,IR_014_1,IR_014_1,IR_014_1
IR_021_1,IR_021_1,IR_021_1,IR_021_1,IR_021_1
IR_021_1,IR_021_1,IR_021_1,IR_021_1,IR_021_1
Normal_1,Normal_1,Normal_1,Normal_1,Normal_1
OR_007_6_1,OR_007_6_1,OR_007_6_1,OR_007_6_1,OR_007_6_1
IR_014_1,IR_014_1,IR_014_1,IR_014_1,IR_014_1
OR_007_6_1,OR_007_6_1,OR_007_6_1,OR_007_6_1,OR_007_6_1
OR_014_6_1,OR_014_6_1,OR_014_6_1,OR_014_6_1,OR_014_6_1
OR_014_6_1,OR_014_6_1,OR_014_6_1,OR_014_6_1,OR_014_6_1
IR_014_1,IR_014_1,IR_014_1,IR_014_1,IR_014_1
OR_014_6_1,OR_014_6_1,OR_014_6_1,OR_014_6_1,OR_014_6_1
OR_014_6_1,OR_014_6_1,OR_014_6_1,OR_014_6_1,OR_014_6_1
Ball_007_1,Ball_007_1,Ball_007_1,Ball_007_1,Ball_007_1
IR_014_1,IR_014_1,IR_014_1,IR_014_1,IR_014_1
Ball_021_1,Ball_021_1,Ball_021_1,Ball_021_1,Ball_021_1
Ball_014_1,OR_014_6_1,OR_014_6_1,OR_014_6_1,OR_014_6_1
IR_007_1,IR_007_1,IR_007_1,IR_007_1,IR_007_1
Ball_007_1,Ball_007_1,OR_014_6_1,Ball_007_1,OR_014_6_1
Normal_1,Normal_1,Normal_1,Normal_1,Normal_1
IR_007_1,IR_007_1,IR_007_1,IR_007_1,IR_007_1
Ball_014_1,Ball_014_1,Ball_014_1,Ball_014_1,Ball_014_1
OR_021_6_1,OR_021_6_1,OR_021_6_1,OR_021_6_1,OR_021_6_1
IR_014_1,IR_014_1,IR_014_1,IR_014_1,IR_014_1
Normal_1,Normal_1,Normal_1,Normal_1,Normal_1
OR_007_6_1,OR_007_6_1,OR_007_6_1,OR_007_6_1,OR_007_6_1
Ball_021_1,Ball_021_1,Ball_021_1,Ball_021_1,Ball_021_1
OR_021_6_1,OR_021_6_1,OR_021_6_1,OR_021_6_1,OR_021_6_1
Normal_1,Normal_1,Normal_1,Normal_1,Normal_1
Ball_007_1,OR_014_6_1,OR_014_6_1,OR_014_6_1,OR_014_6_1
IR_021_1,IR_021_1,IR_021_1,IR_021_1,IR_021_1
Ball_007_1,Ball_007_1,Ball_007_1,Ball_007_1,Ball_007_1
IR_014_1,IR_014_1,IR_014_1,IR_014_1,IR_014_1
OR_021_6_1,IR_007_1,OR_021_6_1,OR_021_6_1,OR_021_6_1
Normal_1,Normal_1,Normal_1,Normal_1,Normal_1
OR_021_6_1,OR_021_6_1,OR_021_6_1,OR_021_6_1,OR_021_6_1
IR_007_1,IR_007_1,IR_007_1,IR_007_1,IR_007_1
Normal_1,Normal_1,Normal_1,Normal_1,Normal_1
IR_007_1,IR_007_1,IR_007_1,IR_007_1,IR_007_1
Ball_014_1,Ball_014_1,Ball_014_1,Ball_014_1,Ball_014_1
OR_021_6_1,OR_021_6_1,OR_021_6_1,OR_021_6_1,OR_021_6_1
OR_007_6_1,OR_007_6_1,OR_007_6_1,OR_007_6_1,OR_007_6_1
IR_014_1,IR_014_1,IR_014_1,IR_014_1,IR_014_1
Ball_021_1,Ball_021_1,Ball_021_1,Ball_021_1,Ball_021_1
IR_021_1,IR_021_1,IR_021_1,IR_021_1,IR_021_1
Ball_014_1,Ball_014_1,Ball_014_1,Ball_014_1,Ball_014_1
OR_007_6_1,OR_007_6_1,OR_007_6_1,OR_007_6_1,OR_007_6_1
IR_007_1,IR_007_1,IR_007_1,IR_007_1,IR_007_1
IR_014_1,IR_014_1,IR_014_1,IR_014_1,IR_014_1
Ball_014_1,Ball_014_1,Ball_014_1,Ball_014_1,Ball_014_1
OR_014_6_1,Ball_021_1,OR_014_6_1,OR_014_6_1,OR_014_6_1
Ball_014_1,Ball_014_1,Ball_014_1,Ball_014_1,Ball_014_1
Ball_007_1,Ball_007_1,Ball_007_1,Ball_007_1,Ball_007_1
Ball_007_1,Ball_007_1,Ball_007_1,Ball_007_1,Ball_007_1
Normal_1,Normal_1,Normal_1,Normal_1,Normal_1
IR_007_1,IR_007_1,IR_007_1,IR_007_1,IR_007_1
Ball_014_1,Ball_014_1,Ball_014_1,Ball_014_1,Ball_014_1
IR_014_1,IR_014_1,IR_014_1,IR_014_1,IR_014_1
Normal_1,Normal_1,Normal_1,Normal_1,Normal_1
OR_014_6_1,OR_014_6_1,OR_014_6_1,OR_014_6_1,OR_014_6_1
Normal_1,Normal_1,Normal_1,Normal_1,Normal_1
Ball_007_1,OR_014_6_1,OR_014_6_1,OR_014_6_1,OR_014_6_1
IR_021_1,IR_021_1,IR_021_1,IR_021_1,IR_021_1
OR_007_6_1,OR_007_6_1,OR_007_6_1,OR_007_6_1,OR_007_6_1
Normal_1,Normal_1,Normal_1,Normal_1,Normal_1
Ball_007_1,Ball_007_1,Ball_007_1,Ball_007_1,Ball_007_1
IR_014_1,IR_014_1,IR_014_1,IR_014_1,IR_014_1
Ball_014_1,Ball_014_1,Ball_014_1,Ball_014_1,Ball_014_1
IR_007_1,IR_007_1,IR_007_1,IR_007_1,IR_007_1
Ball_014_1,Ball_014_1,Ball_014_1,Ball_014_1,Ball_014_1
OR_014_6_1,OR_014_6_1,OR_014_6_1,OR_014_6_1,OR_014_6_1
OR_007_6_1,OR_007_6_1,OR_007_6_1,OR_007_6_1,OR_007_6_1
OR_014_6_1,OR_014_6_1,OR_014_6_1,OR_014_6_1,OR_014_6_1
OR_021_6_1,OR_021_6_1,OR_021_6_1,OR_021_6_1,OR_021_6_1
IR_014_1,IR_014_1,IR_014_1,IR_014_1,IR_014_1
OR_014_6_1,Ball_007_1,Ball_007_1,Ball_007_1,Ball_007_1
Ball_007_1,Ball_007_1,Ball_007_1,Ball_007_1,Ball_007_1
Ball_014_1,Ball_014_1,Ball_014_1,Ball_014_1,Ball_014_1
Ball_007_1,Ball_007_1,Ball_007_1,Ball_007_1,Ball_007_1
OR_021_6_1,OR_021_6_1,OR_021_6_1,OR_021_6_1,OR_021_6_1
Ball_021_1,Ball_021_1,Ball_021_1,Ball_021_1,Ball_021_1
Ball_014_1,Ball_014_1,Ball_014_1,Ball_014_1,Ball_014_1
Ball_014_1,Ball_014_1,Ball_014_1,Ball_014_1,Ball_014_1
Ball_007_1,Ball_007_1,Ball_007_1,Ball_007_1,Ball_007_1
Ball_021_1,Ball_021_1,Ball_021_1,Ball_021_1,Ball_021_1
IR_007_1,IR_007_1,IR_007_1,IR_007_1,IR_007_1
OR_007_6_1,OR_007_6_1,OR_007_6_1,OR_021_6_1,OR_007_6_1
Ball_014_1,Ball_014_1,Ball_014_1,Ball_014_1,Ball_014_1
OR_014_6_1,OR_014_6_1,OR_014_6_1,OR_014_6_1,OR_014_6_1
Ball_007_1,Ball_007_1,Ball_007_1,Ball_007_1,Ball_007_1
Ball_021_1,Ball_021_1,Ball_021_1,Ball_021_1,Ball_021_1
Ball_021_1,IR_021_1,IR_021_1,IR_021_1,IR_021_1
IR_014_1,IR_014_1,IR_014_1,IR_014_1,IR_014_1
OR_021_6_1,OR_021_6_1,OR_021_6_1,OR_021_6_1,OR_021_6_1
Ball_014_1,Ball_014_1,Ball_014_1,Ball_014_1,Ball_014_1
OR_014_6_1,OR_014_6_1,OR_014_6_1,OR_014_6_1,OR_014_6_1
Ball_021_1,Ball_021_1,Ball_014_1,Ball_021_1,Ball_014_1
OR_021_6_1,OR_021_6_1,OR_021_6_1,OR_021_6_1,OR_021_6_1
Ball_007_1,Ball_007_1,Ball_007_1,Ball_007_1,Ball_007_1
OR_021_6_1,OR_021_6_1,OR_021_6_1,OR_021_6_1,OR_021_6_1
OR_021_6_1,OR_021_6_1,OR_021_6_1,OR_021_6_1,OR_021_6_1
Ball_007_1,Ball_007_1,Ball_007_1,Ball_007_1,Ball_007_1
IR_007_1,IR_007_1,IR_007_1,IR_007_1,IR_007_1
Ball_021_1,Ball_021_1,Ball_021_1,Ball_021_1,Ball_021_1
IR_007_1,IR_007_1,IR_007_1,IR_007_1,IR_007_1
Ball_014_1,Ball_014_1,Ball_014_1,Ball_014_1,Ball_021_1
OR_007_6_1,OR_007_6_1,OR_007_6_1,OR_007_6_1,OR_007_6_1
Ball_014_1,Ball_014_1,Ball_014_1,Ball_014_1,Ball_014_1
IR_014_1,IR_014_1,IR_014_1,IR_014_1,IR_014_1
IR_007_1,IR_007_1,IR_007_1,IR_007_1,IR_007_1
Normal_1,Normal_1,Normal_1,Normal_1,Normal_1
IR_021_1,IR_021_1,IR_021_1,IR_021_1,IR_021_1
Ball_007_1,Ball_007_1,Ball_007_1,Ball_007_1,Ball_007_1
Normal_1,Normal_1,Normal_1,Normal_1,Normal_1
IR_014_1,IR_014_1,IR_014_1,IR_014_1,IR_014_1
OR_021_6_1,OR_021_6_1,OR_021_6_1,OR_021_6_1,OR_021_6_1
Normal_1,Normal_1,Normal_1,Normal_1,Normal_1
IR_014_1,IR_014_1,IR_014_1,IR_014_1,IR_014_1
IR_021_1,IR_021_1,IR_021_1,IR_021_1,IR_021_1
IR_014_1,IR_014_1,IR_014_1,IR_014_1,IR_014_1
OR_014_6_1,OR_014_6_1,OR_014_6_1,OR_014_6_1,OR_014_6_1
IR_021_1,IR_021_1,IR_021_1,IR_021_1,IR_021_1
Normal_1,Normal_1,Normal_1,Normal_1,Normal_1
OR_021_6_1,OR_021_6_1,OR_021_6_1,OR_021_6_1,OR_021_6_1
Ball_014_1,OR_014_6_1,Ball_014_1,Ball_014_1,Ball_014_1
Ball_007_1,Ball_007_1,Ball_007_1,Ball_007_1,Ball_007_1
OR_007_6_1,OR_007_6_1,OR_007_6_1,OR_007_6_1,OR_007_6_1
Ball_021_1,Ball_021_1,Ball_021_1,Ball_021_1,Ball_021_1
OR_014_6_1,OR_014_6_1,OR_014_6_1,OR_014_6_1,OR_014_6_1
Ball_021_1,Ball_021_1,Ball_021_1,Ball_021_1,Ball_021_1
OR_014_6_1,OR_014_6_1,OR_014_6_1,OR_014_6_1,OR_014_6_1
OR_007_6_1,OR_007_6_1,OR_007_6_1,OR_007_6_1,OR_007_6_1
Ball_014_1,Ball_014_1,Ball_014_1,Ball_014_1,Ball_014_1
IR_014_1,IR_014_1,IR_014_1,IR_014_1,IR_014_1
IR_007_1,IR_007_1,IR_007_1,IR_007_1,IR_007_1
Ball_021_1,Ball_021_1,Ball_021_1,Ball_021_1,Ball_021_1
IR_007_1,IR_007_1,IR_007_1,IR_007_1,IR_007_1
Ball_014_1,Ball_014_1,Ball_014_1,Ball_014_1,Ball_014_1
Ball_014_1,Ball_014_1,Ball_014_1,Ball_014_1,Ball_014_1
Ball_014_1,Ball_014_1,Ball_014_1,Ball_014_1,Ball_014_1
OR_007_6_1,OR_007_6_1,OR_007_6_1,OR_007_6_1,OR_007_6_1
OR_021_6_1,OR_021_6_1,OR_021_6_1,OR_021_6_1,OR_021_6_1
IR_021_1,IR_021_1,IR_021_1,IR_021_1,IR_021_1
Normal_1,Normal_1,Normal_1,Normal_1,Normal_1
OR_007_6_1,OR_007_6_1,OR_007_6_1,OR_007_6_1,OR_007_6_1
IR_021_1,IR_021_1,IR_021_1,IR_021_1,IR_021_1
Ball_014_1,Ball_014_1,Ball_014_1,Ball_014_1,Ball_014_1
IR_007_1,IR_007_1,IR_007_1,IR_007_1,IR_007_1
Ball_014_1,Ball_014_1,Ball_014_1,Ball_014_1,Ball_014_1
OR_021_6_1,OR_021_6_1,OR_021_6_1,OR_021_6_1,OR_021_6_1
IR_021_1,IR_021_1,IR_021_1,IR_021_1,IR_021_1
OR_014_6_1,OR_014_6_1,OR_014_6_1,OR_014_6_1,OR_014_6_1
OR_021_6_1,OR_021_6_1,OR_021_6_1,OR_021_6_1,OR_021_6_1
Ball_021_1,Ball_021_1,Ball_021_1,Ball_021_1,Ball_021_1
IR_007_1,IR_007_1,IR_007_1,IR_007_1,IR_007_1
Ball_007_1,Ball_007_1,Ball_007_1,Ball_007_1,Ball_007_1
IR_014_1,IR_014_1,IR_014_1,IR_014_1,IR_014_1
OR_021_6_1,OR_021_6_1,OR_021_6_1,OR_021_6_1,OR_021_6_1
Ball_021_1,Ball_021_1,Ball_021_1,Ball_021_1,Ball_021_1
IR_021_1,IR_021_1,IR_021_1,IR_021_1,IR_021_1
Ball_021_1,Ball_021_1,Ball_021_1,Ball_021_1,Ball_021_1
IR_014_1,IR_014_1,IR_014_1,IR_014_1,IR_014_1
Ball_014_1,OR_014_6_1,Ball_014_1,Ball_014_1,Ball_014_1
OR_014_6_1,OR_014_6_1,OR_014_6_1,OR_014_6_1,OR_014_6_1
Ball_014_1,Ball_014_1,Ball_014_1,Ball_014_1,Ball_014_1
Normal_1,Normal_1,Normal_1,Normal_1,Normal_1
Ball_014_1,Ball_014_1,Ball_014_1,Ball_014_1,Ball_014_1
IR_014_1,IR_014_1,IR_014_1,IR_014_1,IR_014_1
IR_014_1,IR_014_1,IR_014_1,IR_014_1,IR_014_1
Normal_1,Normal_1,Normal_1,Normal_1,Normal_1
OR_014_6_1,OR_014_6_1,OR_014_6_1,OR_014_6_1,OR_014_6_1
Ball_021_1,Ball_021_1,Ball_021_1,Ball_021_1,Ball_021_1
OR_021_6_1,OR_021_6_1,OR_021_6_1,OR_021_6_1,OR_021_6_1
Ball_021_1,IR_021_1,IR_021_1,IR_021_1,IR_021_1
IR_007_1,IR_007_1,IR_007_1,IR_007_1,IR_007_1
Ball_021_1,Ball_021_1,Ball_021_1,Ball_021_1,Ball_021_1
Ball_014_1,Ball_021_1,Ball_021_1,Ball_021_1,Ball_014_1
OR_007_6_1,OR_007_6_1,OR_007_6_1,OR_007_6_1,OR_007_6_1
IR_021_1,IR_021_1,IR_021_1,IR_021_1,IR_021_1
IR_014_1,IR_014_1,IR_014_1,IR_014_1,IR_014_1
Ball_007_1,Ball_007_1,Ball_007_1,Ball_007_1,Ball_007_1
IR_007_1,IR_007_1,IR_007_1,IR_007_1,IR_007_1
Ball_007_1,Ball_007_1,Ball_007_1,Ball_007_1,Ball_007_1
IR_021_1,IR_021_1,IR_021_1,IR_021_1,IR_021_1
IR_021_1,IR_021_1,IR_021_1,IR_021_1,IR_021_1
IR_007_1,IR_007_1,IR_007_1,IR_007_1,IR_007_1
Ball_007_1,Ball_007_1,Ball_007_1,Ball_007_1,Ball_007_1
IR_014_1,IR_014_1,IR_014_1,IR_014_1,IR_014_1
Normal_1,Normal_1,Normal_1,Normal_1,Normal_1
Ball_014_1,Ball_014_1,Ball_014_1,Ball_014_1,Ball_014_1
IR_021_1,IR_021_1,IR_021_1,IR_021_1,IR_021_1
IR_021_1,IR_021_1,IR_021_1,IR_021_1,IR_021_1
IR_007_1,IR_007_1,IR_007_1,IR_007_1,IR_007_1
Normal_1,Normal_1,Normal_1,Normal_1,Normal_1
IR_014_1,IR_014_1,IR_014_1,IR_014_1,IR_014_1
Ball_007_1,Ball_007_1,Ball_007_1,Ball_007_1,Ball_007_1
Ball_007_1,Ball_007_1,Ball_007_1,Ball_007_1,Ball_007_1
Ball_007_1,Ball_007_1,Ball_007_1,Ball_007_1,Ball_007_1
IR_014_1,IR_014_1,IR_014_1,IR_014_1,IR_014_1
OR_014_6_1,OR_014_6_1,OR_014_6_1,OR_014_6_1,OR_014_6_1
Ball_014_1,OR_014_6_1,OR_014_6_1,OR_014_6_1,OR_014_6_1
OR_014_6_1,OR_014_6_1,OR_014_6_1,OR_014_6_1,OR_014_6_1
OR_014_6_1,OR_014_6_1,OR_014_6_1,OR_014_6_1,OR_014_6_1
IR_014_1,IR_014_1,IR_014_1,IR_014_1,IR_014_1
IR_014_1,IR_014_1,IR_014_1,IR_014_1,IR_014_1
OR_014_6_1,OR_014_6_1,OR_014_6_1,OR_014_6_1,OR_014_6_1
Ball_021_1,Ball_021_1,Ball_021_1,Ball_021_1,Ball_021_1
Ball_007_1,Ball_007_1,Ball_007_1,Ball_007_1,Ball_007_1
OR_021_6_1,OR_021_6_1,OR_021_6_1,OR_021_6_1,OR_021_6_1
IR_014_1,IR_014_1,IR_014_1,IR_014_1,IR_014_1
Ball_007_1,OR_014_6_1,OR_014_6_1,OR_014_6_1,OR_014_6_1
Normal_1,Normal_1,Normal_1,Normal_1,Normal_1
Normal_1,Normal_1,Normal_1,Normal_1,Normal_1
OR_007_6_1,OR_007_6_1,OR_007_6_1,OR_007_6_1,OR_007_6_1
OR_014_6_1,OR_014_6_1,OR_014_6_1,OR_014_6_1,OR_014_6_1
IR_007_1,IR_007_1,IR_007_1,IR_007_1,IR_007_1
IR_021_1,IR_021_1,IR_021_1,IR_021_1,IR_021_1
OR_021_6_1,OR_021_6_1,OR_021_6_1,OR_021_6_1,OR_021_6_1
Ball_007_1,Ball_007_1,Ball_007_1,Ball_007_1,Ball_007_1
OR_007_6_1,OR_007_6_1,OR_007_6_1,OR_007_6_1,OR_007_6_1
Normal_1,Normal_1,Normal_1,Normal_1,Normal_1
OR_007_6_1,OR_007_6_1,OR_007_6_1,OR_007_6_1,OR_007_6_1
IR_007_1,IR_007_1,IR_007_1,IR_007_1,IR_007_1
OR_014_6_1,OR_014_6_1,OR_014_6_1,OR_014_6_1,OR_014_6_1
Ball_007_1,Ball_007_1,Ball_007_1,Ball_007_1,Ball_007_1
IR_014_1,IR_014_1,IR_014_1,IR_014_1,IR_014_1
Normal_1,Normal_1,Normal_1,Normal_1,Normal_1
Ball_014_1,Ball_014_1,Ball_014_1,Ball_014_1,Ball_014_1
OR_021_6_1,OR_021_6_1,OR_007_6_1,OR_021_6_1,OR_021_6_1
Ball_021_1,Ball_021_1,Ball_021_1,Ball_021_1,Ball_021_1
OR_014_6_1,OR_014_6_1,OR_014_6_1,OR_014_6_1,OR_014_6_1
IR_007_1,IR_007_1,IR_007_1,IR_007_1,IR_007_1
Ball_021_1,OR_014_6_1,OR_014_6_1,OR_014_6_1,OR_014_6_1
Normal_1,Normal_1,Normal_1,Normal_1,Normal_1
OR_007_6_1,OR_007_6_1,OR_007_6_1,OR_007_6_1,OR_007_6_1
OR_007_6_1,OR_007_6_1,OR_007_6_1,OR_007_6_1,OR_007_6_1
Ball_014_1,OR_014_6_1,Ball_014_1,OR_014_6_1,Ball_014_1
IR_014_1,IR_014_1,IR_014_1,IR_014_1,IR_014_1
IR_021_1,IR_021_1,IR_021_1,IR_021_1,IR_021_1
